{"planeDimension": 500, "longestPath": [1, 5, 5, 2, 2, 6], "curves": [4.0, 5.0, 6.0, 2.0, 300.0, 0.0, 0.0, 300.0, 0.0, -250.0, 500.0, 0.0, -250.0, 500.0, 0.0, 0.0, 4.0, 1.0, 2.0, 2.0, 0.0, 0.0, 0.0, 0.0, 0.0, 83.33333333333333, 400.0, 0.0, 83.33333333333333, 400.0, 0.0, 0.0, 4.0, 1.0, 5.0, 2.0, 0.0, 0.0, 0.0, 0.0, 0.0, 208.33333333333331, 300.0, 0.0, 208.33333333333331, 300.0, 0.0, 0.0, 4.0, 4.0, 5.0, 2.0, 100.0, 0.0, 0.0, 100.0, 0.0, 166.66666666666666, 300.0, 0.0, 166.66666666666666, 300.0, 0.0, 0.0, 4.0, 4.0, 2.0, 1.0, 100.0, 0.0, 0.0, 100.0, 0.0, 250.0, 400.0, 0.0, 250.0, 400.0, 0.0, 0.0, 4.0, 3.0, 6.0, 1.0, 200.0, 0.0, 0.0, 200.0, 0.0, -125.0, 500.0, 0.0, -125.0, 500.0, 0.0, 0.0, 4.0, 1.0, 3.0, 1.0, 0.0, 0.0, 0.0, 0.0, 0.0, -208.33333333333331, 200.0, 0.0, -208.33333333333331, 200.0, 0.0, 0.0, 2.0, 2.0, 6.0, 2.0, 400.0, 0.0, 0.0, 500.0, 0.0, 0.0, 2.0, 5.0, 2.0, 2.0, 300.0, 0.0, 0.0, 400.0, 0.0, 0.0]}