{"planeDimension": 600, "longestPath": [4, 3, 3, 1], "curves": [4.0, 3.0, 6.0, 2.0, 200.0, 0.0, 0.0, 200.0, 0.0, 42.857142857142854, 600.0, 0.0, 42.857142857142854, 600.0, 0.0, 0.0, 4.0, 2.0, 6.0, 2.0, 300.0, 0.0, 0.0, 300.0, 0.0, 214.28571428571428, 600.0, 0.0, 214.28571428571428, 600.0, 0.0, 0.0, 2.0, 4.0, 5.0, 1.0, 0.0, 0.0, 0.0, 100.0, 0.0, 0.0, 4.0, 4.0, 7.0, 1.0, 0.0, 0.0, 0.0, 0.0, 0.0, -128.57142857142856, 500.0, 0.0, -128.57142857142856, 500.0, 0.0, 0.0, 4.0, 5.0, 2.0, 1.0, 100.0, 0.0, 0.0, 100.0, 0.0, -300.0, 300.0, 0.0, -300.0, 300.0, 0.0, 0.0, 4.0, 3.0, 1.0, 2.0, 200.0, 0.0, 0.0, 200.0, 0.0, -85.71428571428571, 400.0, 0.0, -85.71428571428571, 400.0, 0.0, 0.0, 4.0, 5.0, 7.0, 2.0, 100.0, 0.0, 0.0, 100.0, 0.0, 85.71428571428571, 500.0, 0.0, 85.71428571428571, 500.0, 0.0, 0.0, 4.0, 4.0, 3.0, 2.0, 0.0, 0.0, 0.0, 0.0, 0.0, 300.0, 200.0, 0.0, 300.0, 200.0, 0.0, 0.0, 4.0, 3.0, 7.0, 2.0, 200.0, 0.0, 0.0, 200.0, 0.0, -42.857142857142854, 500.0, 0.0, -42.857142857142854, 500.0, 0.0, 0.0]}